image_name,image_sha,platform,model,inference_ms,fps,cpu_percent,mem_percent,rss_mb,detections,avg_confidence
2.jpg,3d4941a75835933c8013a3ab83f8a98b1584a2e2,LocalCPU,YOLOv3-Tiny,264.9412,3.7744,0,86.7,656.1,2,0.833979
2.jpg,3d4941a75835933c8013a3ab83f8a98b1584a2e2,LocalCPU,YOLOv5,290.127,3.4468,0,85.1,737.1,1,0.930508
2.jpg,3d4941a75835933c8013a3ab83f8a98b1584a2e2,LocalCPU,YOLOv8,168.2508,5.9435,0,84.9,748.6,1,0.91556
2.jpg,3d4941a75835933c8013a3ab83f8a98b1584a2e2,LocalGPU,YOLOv8,155.483,6.4316,4.9,84.9,759.5,1,0.915485
2.jpg,3d4941a75835933c8013a3ab83f8a98b1584a2e2,LocalCPU,MobileNetSSD,108.2938,9.2341,0,85.2,804.7,1,0.894428
2.jpg,3d4941a75835933c8013a3ab83f8a98b1584a2e2,zynq7020,YOLOv3-Tiny,3106.87,-,-,59.1,-,1,0.86318
